Workbook

Sheet Outstanding items
A1: ID | B1: System | C1: Domain | D1: Category | E1: Title | F1: Description | G1: References | H1: Options | I1: Ask / owner of answer | J1: Responsible | K1: Priority | L1: Status | M1: Raised | N1: Decision / answer | O1: Decided
A2: GEN-01 | B2: General | C2: Both | D2: Decision | E2: Supplier documentation baseline | F2: Framo, Servi/Østerbø and Normex interfaces each need one agreed signal list and functional description before FAT. | G2: Review 2026-10-21 | I2: Internal | J2: Project | K2: High | L2: Open | M2: 2026-10-21
A3: GEN-02 | B3: General | C3: Software | D3: Missing info | E3: Alarm priorities and acknowledge classes | F3: Alarm list FD-02 has no priority or acknowledgement classes; the PLC mixes auto-ack and operator ack. | G3: CAS FD Inlet OI21; FD-02 | I3: Internal | J3: Project | K3: Low | L3: Open | M3: 2026-10-21
A4: GEN-03 | B4: General | C4: Software | D4: Missing info | E4: Production HMI specification | F4: Production HMI (screens, users, access) not specified; outlet screens not built. | G4: CAS FD Oxygen OI25; CAS FD Outlet OI19 | I4: Internal | J4: Project | K4: Medium | L4: Open | M4: 2026-10-21
A5: IN-01 | B5: Inlet | C5: Both | D5: Inconsistency | E5: Framo interface baseline | F5: Three versions: Framo interface list 01.09.2025, Framo spec rev B (0000_CAS_SPEC_CTRLSYS 08.10.2025) and FD rev B. Node names differ (SpeedSetpoint vs VelocitySetpoint, AquastreamStopped vs PumpStopped); PLC writes Framo_n.SpeedSetpoint. | G5: Framo_InterfaceList_01.09.2025.docx; 0000_CAS_SPEC_CTRLSYS m kommentarer.pdf; FD §3.2.1; PRG.FramoDataProcessing | H5: Agree rev B as baseline and freeze OPC UA node names | I5: Framo | J5: Sigurd | K5: High | L5: Open | M5: 2026-10-21 | N5: Framo SCD 7664-017-1 (received 2026-10-23): logic only, no OPC UA node names or data types (addresses "TBA"). CAS signals: HMI START (M01-U04), HMI STOP (M01-U05), HMI RESET (M01-U11), REMOTE CONTROL (UY-012), SPEED SETPOINT (M01-U56), INHIBIT START (M01-Q03) from CAS; STARTING SEQU ACTIVE (UI-010), FAILED TO START (UA-011) to CAS. No pump state (UNAVAILABLE/AVAILABLE/START/REMOTE/HOLD/LOCKDOWN) as the PLC expects. See IN-34.
A6: IN-02 | B6: Inlet | C6: Both | D6: Inconsistency | E6: Heartbeat definition | F6: FD §3.2.1 text: INT counter 0..32767. FD Tabell 6 / Framo rev B: BOOL toggle + Interval/Elapsed. PLC (D1): one shared bit, PLC sets, Framo clears, timeout 10 s; HeartbeatInterval never written. Aksjonsliste #3 open. | G6: FD §3.2.1, Tabell 6; Framo spec rev B; FB.Inlet.InletControl | H6: Confirm shared-bit scheme, interval, timeout and Framo HOLD delay | I6: Framo | J6: Sigurd | K6: High | L6: Open | M6: 2026-10-21 | N6: Framo SCD 7664-017-1 (received 2026-10-23): heartbeat is a Framo standard FB #HRTB (UI-100); its fault output is ORed with HMI STOP: heartbeat loss resets the start latch and STOPS the pump. No HOLD at preset speed. Interval/timeout not given.
A7: IN-03 | B7: Inlet | C7: Both | D7: Inconsistency | E7: HOLD / LOCKDOWN recovery | F7: Framo rev B: HOLD returns to REMOTE automatically when heartbeat is back; LOCKDOWN exits on 'Sequence END'. FD Tabell 5 requires operator Reset. The PLC works either way: it follows the state the PCC reports (LIC01 frozen in HOLD, bumpless resume in REMOTE) and sends Reset only on the operator's command (since 2026-10-21 held until the state change is seen; warning FailedToReset after 2 x ResetExpectedTime). Open with Framo: which behaviour the PCC implements, edge or level on Reset, and whether the PCC panel has its own local Reset. | G7: FD Tabell 5; Framo spec rev B state diagram; FB.Inlet.InletControl; CAS FD Inlet rev A1 OI2/OI3 | H7: Reset required (FD) vs automatic (Framo) | I7: Framo | J7: Sigurd | K7: High | L7: Open | M7: 2026-10-21 | N7: Framo SCD 7664-017-1 (received 2026-10-23): no HOLD or LOCKDOWN state in the SCD. Heartbeat loss = stop; drive trip / FSL trip -> pump block YF, cleared by HMI RESET (also resets the drive). Ask Framo whether HOLD (rev B spec) still exists.
A8: IN-04 | B8: Inlet | C8: Software | D8: Code bug | E8: Stop accepted only in REMOTE | F8: Framo rev B accepts Stop only in REMOTE; PLC stop timer also arms in STARTING/HOLD and raises 'Stopp feilet'. Heartbeat loss in START/AVAILABLE undefined by Framo. | G8: Framo spec rev B; FB.Inlet.InletControl ShutdownTransitionTimer | I8: Framo | J8: Sigurd | K8: Medium | L8: Open | M8: 2026-10-21
A9: IN-05 | B9: Inlet | C9: Software | D9: Decision | E9: LIC01 response to pump trip / rejoin | F9: Sim test 2026-10-21: losing 1 of 3 pumps dips level 3.4 cm; rejoin overshoots 2.7 cm (no feed-forward on running pumps, integral windup at 130 rpm). | G9: Sim test 2026-10-21 (CasRioSim 2.4.5) | H9: Feed-forward N/(N-1); anti-windup; gain scheduling per FD Tabell 8 | I9: Internal | J9: Sigurd | K9: High | L9: In progress | M9: 2026-10-21 | N9: Baseline sim 2026-10-22: pump 3 out -> level 6.0 -> 3.0 cm, 4 min back; pump 3 restart -> 9.1 cm, mostly during its START (own preset speed while the others still ran fast). Implemented in CODESYS 2026-10-22 (not yet downloaded/tested): LIC01 output = TOTAL speed of the pumps in level control; pumps in REMOTE share (total - actual speed of the pumps starting/stopping) / N, limited 40-130 rpm, in PenInletSupervisor.AutoSpeedSetpoint. A trip or a start is compensated in the same cycle; Kp 450 -> 1350 (total). Retained Kp must be set to 1350 after download. HMI: heimdall-cas-hmi PR #6. Sim test pending (PLC busy). | Live test 2026-10-22 (PFC200 10.1.2.41, main 1a427c0, CAS plant 10.1.2.150, after Reset Origin): Pen Start from drained (-3.4 cm): pumps tracked to 260 rpm total, REMOTE at 85.5 rpm share (bumpless), level 6.6 cm peak (0.6 cm overshoot), settled 6.1 cm in ~2.5 min with 3 x 74 rpm. Pump stopped by the pump count: the other two took its share in the same cycle, level dip 6.0 -> 5.2 cm, back to 6.3 cm. Pump trip test still to do.
A10: IN-06 | B10: Inlet | C10: Both | D10: Decision | E10: Minimum controllable overheight | F10: O-60 and S-75 use 0.5 cm overheight. Level transmitter resolution ~1 mm, plus surface waves. | G10: FD Tabell 10; design basis Table 16 | H10: Set minimum setpoint and low-level alarm limits | I10: Internal | J10: Project | K10: High | L10: Open | M10: 2026-10-21
A11: IN-07 | B11: Inlet | C11: Software | D11: Inconsistency | E11: LIC01 parameter sets | F11: FD wants 3 parameter sets by number of pumps (P 0.5/1/2, Ti 600 s). PLC has one (Kp 450, Ti 60 s tested in sim). | G11: FD Tabell 8; ConfigValues PenConfig; D6 | H11: Update FD to tested values or implement scheduling | I11: Internal | J11: Sigurd | K11: Medium | L11: In progress | M11: 2026-10-21 | N11: With the shared total output (IN-05) the loop gain no longer depends on the number of pumps: one parameter set (Kp 1350 total rpm/m, Ti 60 s) replaces FD Tabell 8's three. Update FD to rev C after the sim test. | Live test 2026-10-22 (PFC200 10.1.2.41, main 1a427c0, CAS plant 10.1.2.150, after Reset Origin): one parameter set Kp 1350 / Ti 60 s works for 3 and 2 pumps (start-up and pump stop above).
A12: IN-08 | B12: Inlet | C12: Physical | D12: Inconsistency | E12: Flow per operating mode | F12: FD Tabell 10 O-35 = 34 000 m3/h; design basis: max requirement 27 000 m3/h, 20 000 m3/h per pump. Framo action WS-Aug #20 '26 000 ok for emergency mode?' open. | G12: FD Tabell 10; design basis §4.4; Framo aksjonsliste | I12: Internal / Framo | J12: Project | K12: Medium | L12: Open | M12: 2026-10-21
A13: IN-09 | B13: Inlet | C13: Software | D13: PLC gap | E13: Pen level alarms missing | F13: FD Tabell 7 and alarm list rows 29-32: control deviation, low level, high level, fault per level sensor. PenAlarmDUT has only LevelMeasurementLost. | G13: FD Tabell 7; FD-02 alarm list | I13: Internal | J13: Sigurd | K13: Medium | L13: In progress | M13: 2026-10-21 | N13: Control deviation implemented in CODESYS 2026-10-22 (not yet downloaded/tested): Pen.Alarm.LevelDeviationHigh / LevelDeviationLow when LIC01 is in auto and the over-height is more than PenConfig.LevelDeviationLimit (0.02 m) above / below the setpoint for LevelDeviationDelay (5 min); not during start-up, manual, SafeOutput or HOLD freeze. Fault per level sensor already covered by the transmitters' Quality alarms. Still open: absolute low / high level alarms (alarm list rows 31-32). HMI: heimdall-cas-hmi PR #8. | Live test 2026-10-22 (PFC200 10.1.2.41, main 1a427c0, CAS plant 10.1.2.150, after Reset Origin): not tested yet.
A14: IN-10 | B14: Inlet | C14: Software | D14: PLC gap | E14: Pump speed deviation alarm | F14: Not implemented (D7). Alarm list has 'Hastighetsavvik innløpspumpe 1' twice (rows 24/25). | G14: FD-02 alarm list; program design D7 | I14: Internal | J14: Sigurd | K14: Medium | L14: In progress | M14: 2026-10-21 | N14: Implemented in CODESYS 2026-10-22 (not yet downloaded/tested): Inlet[i].InletPump.Alarm.SpeedDeviation (operator ack) when the pump is in REMOTE and |VelocitySetpoint - MotorVelocity| > InletConfig[i].SpeedDeviationLimit (10 rpm) for SpeedDeviationDelay (30 s); limit 0 = off. Retained in InletConfigDUT (Reset Origin with IN-15). Duplicate alarm-list row removed in FD-01 rev C. | Live test 2026-10-22 (PFC200 10.1.2.41, main 1a427c0, CAS plant 10.1.2.150, after Reset Origin): not tested yet.
A15: IN-11 | B15: Inlet | C15: Software | D15: Code bug | E15: LowPower/HighPower in common alarm | F15: PLC PumpCommonError includes LowPower/HighPower; FD and alarm list say notification only, not in common alarm. | G15: FB.Inlet.InletControl.AlarmHandling; FD-02 | H15: Remove from PumpCommonError | I15: Internal | J15: Sigurd | K15: Low | L15: In progress | M15: 2026-10-21 | N15: Implemented in CODESYS 2026-10-22 (not yet downloaded): LowPower / HighPower removed from PumpCommonError; their own alarms are notifications (AutoAcknowledge), as FD Tabell 7. | Live test 2026-10-22 (PFC200 10.1.2.41, main 1a427c0, CAS plant 10.1.2.150, after Reset Origin): not tested yet.
A16: IN-12 | B16: Inlet | C16: Both | D16: Missing info | E16: Vacuum / air evacuation system | F16: Not in either Framo document. PLC reads PressureCompressedAir, LSL01/LSH02, StatusV001/V002; FD uses LSL31/LSH32/XV31/XV32; VacuumSystemAlarmDUT empty; Framo cabinet drawing lacks the evacuation unit (Aksjonsliste #19). | G16: FD Tabell 6; FD-02 'Overfylling i Luftevakuering'; Framo aksjonsliste #19 | I16: Framo | J16: Sigurd | K16: Medium | L16: Open | M16: 2026-10-21 | N16: Framo SCD 7664-017-1 (received 2026-10-23): air evacuation: start latch AND no stop AND release valve UY-004A closed opens comp. air valve UY-003A (ejector) until LSH-002A; pump start only when LSL-001A is wet; NOT LSL or sensor deviation (LSH AND NOT LSL, UA-001A) trips the pump (FSL). HMI STOP opens the release valve. | Framo P&ID 7664-021-1 (08.09.26, received 2026-10-23): per inlet one vacuum chamber with ejector: compressed-air valve UY-003x (ZSO/ZSC-003x), release valve UY-004x (ZSO/ZSC-004x), LSH-002x, LSL-001x; all their signals go to the Framo UCP only (none to the client system). No compressed-air pressure transmitter, although the PLC reads Framo_n.PressureCompressedAir; the PLC has one status bit per valve (StatusV001/V002), the P&ID two limit switches per valve. Compressed air supply comes from client scope (one line to all three units). Drafting error: the release valve of unit A is tagged UY-004B (B, C correct).
A17: IN-13 | B17: Inlet | C17: Both | D17: Missing info | E17: Framo autonomous behaviour | F17: Need: HOLD preset speed, start-up ramp speed (LIC01 tracks it), whether Available excludes DriveNotInRemote/PumpStopped, engineering units of VelocitySetpoint/MotorVelocity (FD assumes 40-130 rpm). | G17: FD §3.2.1-3.2.2 | I17: Framo | J17: Sigurd | K17: High | L17: Open | M17: 2026-10-21 | N17: Framo SCD 7664-017-1 (received 2026-10-23): start: drive runs at a fixed 40 rpm start setpoint ("adjust while commissioning"); READY TO REMOTE CNTRL (UI-013) 30 s after DRIVE RUNNING; speed from CAS only when CAS gives REMOTE CONTROL (UY-012) and ready to remote. FAILED TO START (UA-011) when the start sequence stays active for "time" (not given).
A18: IN-14 | B18: Inlet | C18: Both | D18: Decision | E18: Emergency stop chain | F18: Framo E-stops are in series and stop all lines (Aksjonsliste #16). Confirm intended; oxygen stop on E-stop must go through Heimdall PLC. | G18: Aksjonsliste #16 | I18: Internal / Framo | J18: Project | K18: Medium | L18: Open | M18: 2026-10-21
A19: IN-15 | B19: Inlet | C19: Both | D19: Decision | E19: Functions on HOLD in FD | F19: Automatic pump start/stop on LIC output, pump rotation (#18), manual level setpoint, auto outlet close on pump stop, E-stop alarm. | G19: FD rev B HOLD marks | I19: Internal | J19: Project | K19: Medium | L19: In progress | M19: 2026-10-21 | N19: Automatic pump start/stop and rotation implemented in CODESYS 2026-10-22 (not yet downloaded/tested), InletSupervisor.PumpCount: candidates = InletConfig[i].InletPump.Enable AND auto AND not UNAVAILABLE/LOCKDOWN. Pen Start starts all candidates; with LIC01 in auto and no pump changing: stop the pump with most running days when the others would run <= PumpTargetSpeed (85 rpm) for PumpRemoveDelay (15 min); start the standby with fewest running days when the share >= PumpAddSpeed (115 rpm) for PumpAddDelay (2 min); rotation after PumpCycleTime (24 h) in REMOTE, make-before-break. Settings retained in PenConfig (Reset Origin on next download). Still open from the HOLD list: manual level setpoint, auto outlet close on pump stop, E-stop alarm. | Live test 2026-10-22 (PFC200 10.1.2.41, main 1a427c0, CAS plant 10.1.2.150, after Reset Origin): pump count: with PumpTargetSpeed 115 / delay 60 s (test values) the pump with most running days stopped, 2 pumps at ~112 rpm, no flapping (PumpAddSpeed 125). Rotation (PumpCycleTime 2 min, test value): standby started first, old pump stopped once the new one was in REMOTE, level 5.1-7.1 cm during the handover (IN-31). All defaults restored afterwards (85 / 115 rpm, 15 / 2 min, 24 h).
A20: IN-16 | B20: Inlet | C20: Both | D20: Inconsistency | E20: Tag numbering | F20: FD motor table nn-PM01..03 / PU01..03 vs inlet and oxygen sections PM31..33 / PU41..43. Align with P&ID rev A. | G20: FD rev B; CAS PID and loop diagrams rev A | I20: Internal | J20: Sigurd | K20: Low | L20: Open | M20: 2026-10-21 | N20: Framo P&ID 7664-021-1 (08.09.26, received 2026-10-23): Framo tags: pumps P-01A/B/C, level switches LSL-001A..C / LSH-002A..C, valves UY-003A..C / UY-004A..C (SCD uses the A tags). FD uses PM31..33 / PU41..43, LSL31 / LSH32, XV31 / XV32; PLC uses LSL01 / LSH02, V001 / V002.
A21: IN-17 | B21: Inlet | C21: Software | D21: Code bug | E21: Old OPC UA node name SpeedSetpoint | F21: PRG.FramoDataProcessing writes Framo_n.SpeedSetpoint; Framo rev B names it VelocitySetpoint. | G21: PRG.FramoDataProcessing | I21: Internal | J21: Sigurd | K21: Medium | L21: Open | M21: 2026-10-21
A22: IN-18 | B22: Inlet | C22: Software | D22: Code bug | E22: LIC01 integral windup at speed limit | F22: Integral keeps building while output is clamped at 130 rpm (seen in sim 2026-10-21 after a pump trip); causes overshoot when the pump returns. | G22: Sim test 2026-10-21; FB.Inlet.InletSupervisor LIC01 | H22: Anti-windup / conditional integration | I22: Internal | J22: Sigurd | K22: Medium | L22: Closed | M22: 2026-10-21 | N22: Not a bug. Util.PID adapts the integral while the output is limited (anti-windup). Sim test 2026-10-22: one of three pumps out, LIC01 output rose 74 -> 107 rpm and never reached 130 (LimitsActive FALSE). The dip/overshoot is the missing compensation of the pump count, see IN-05. | O22: 2026-10-22
A23: IN-19 | B23: Inlet | C23: Software | D23: Code bug | E23: RIO link loss freezes level | F23: When an InletRIO link is lost the last level values are kept and the pair is not invalidated, so LIC01 controls on a frozen level. | G23: CAS FD Inlet OI17; FB.Inlet.InletSensors | H23: Invalidate pair on RIO comm loss | I23: Internal | J23: Sigurd | K23: High | L23: Fixed | M23: 2026-10-21 | N23: Fixed in CODESYS 2026-10-22: InletControl / InletSensors get RIOCommOK = GVLIO.InletRIO[i].Status.CommOK; without it both transmitters of that inlet count as BadQuality, so only that pair drops out of LIC01's PV (all three lost -> LevelMeasurementLost, SafeOutput). Sim test 2026-10-22 (PFC200 vs CAS plant 10.1.2.150): pair 1 out for 60 s with 3 pumps in REMOTE, PV continued on pairs 2-3, LIC01 output 74.1-74.3 rpm, pair back without a jump. Realistic link-down test (5 s socket timeout) with the simulator fault of heimdall-cas-simulation PR #17. | O23: 2026-10-22
A24: IN-20 | B24: Inlet | C24: Software | D24: PLC gap | E24: Interlocks I2 and I3 missing | F24: I2: 2oo3 LS7nmHH stops the pump; I3: group start only with the outlet open. Neither is in the PLC. | G24: CAS FD Inlet OI20; FD rev B | I24: Internal | J24: Sigurd | K24: High | L24: Open | M24: 2026-10-21
A25: IN-21 | B25: Inlet | C25: Software | D25: Code bug | E25: Task watchdogs disabled | F25: Main task 20 ms, OPC_Processing and Datasources 50 ms; watchdogs off in PFC200_Sim. | G25: CAS FD Inlet OI23; task configuration | H25: Enable with margin | I25: Internal | J25: Sigurd | K25: Medium | L25: Open | M25: 2026-10-21 | N25: 2026-10-23 measured on the PFC200 (10.1.2.41): htop CPU 86 %, load average 2.6 (single core); task monitor: Task 20 ms avg 3.0 / max 5.0 ms (about 15 %), OPC_Processing 50 ms avg 0.11 / max 0.68 ms, DatasourcesTask 50 ms avg 3.4 / max 154 ms, jitter up to 104 ms. IEC tasks about 22 %: the rest is runtime threads (OPC UA server for the HMI / 7 sessions, OPC UA client of the data sources). Next: thread names, HMI-off test, data source update rate; then a task split (20 ms outlet + CommonRIO, 100 ms control incl. FramoDataProcessing, data sources lowest) and watchdogs per task. Task config kept as is for now.
A26: IN-22 | B26: Inlet | C26: Software | D26: PLC gap | E26: Level setpoint not from operating mode | F26: FD: setpoint follows the operating mode (O-35/O-45/O-60/S-75). PLC uses an operator setpoint only. | G26: CAS FD Inlet OI14 | I26: Internal | J26: Sigurd | K26: Medium | L26: Open | M26: 2026-10-21
A27: IN-23 | B27: Inlet | C27: Software | D27: PLC gap | E27: Restart after power failure | F27: FD 'Motor-Forrigling' + motor table T3/T4: motors that were running restart after a power cut, larger ones in sequence (1 hydraulic pump, 2a/2b/2c inlet pumps, 3 oxygenator pumps; vacuum J01A-C auto-restart). PLC: PenStart is not retained, so after a PLC power loss nothing restarts; if only the Framo cabinets lose power, all pumps restart together once Available. Needs a retained 'was running' state per motor and the restart sequence with delays. | G27: FD rev B 'Motor-Forrigling', Tabell T3/T4; CAS FD Inlet OI16; FB.Inlet.InletSupervisor (PenStart) | I27: Internal | J27: Sigurd | K27: Medium | L27: Open | M27: 2026-10-21
A28: IN-24 | B28: Inlet | C28: Physical | D28: Missing info | E28: Level transmitter signal direction and model | F28: 4 mA = low or high? VEGAPULS C21 vs C22; outside full scale assumed 2 m. | G28: CAS FD Inlet OI18; Sensors folder | I28: Internal | J28: Sigurd | K28: Medium | L28: Open | M28: 2026-10-21
A29: IN-25 | B29: Inlet | C29: Both | D29: Missing info | E29: IP plan and network drawing | F29: No IP plan or network drawing for PLC, RIOs, Framo controllers, drives and HMI. | G29: CAS FD Inlet OI23 | I29: Internal | J29: Project | K29: Medium | L29: Open | M29: 2026-10-21
A30: IN-26 | B30: Inlet | C30: Physical | D30: Inconsistency | E30: Framo hardware designations | F30: Framo spec rev B CX8190 vs drawing 874.001 CX8200; SX1000 vs SR2000 pump. | G30: CAS FD Inlet OI19; 15169-874.001 | I30: Framo | J30: Sigurd | K30: Low | L30: Open | M30: 2026-10-21
A31: IN-27 | B31: Inlet | C31: Software | D31: Decision | E31: Restart after a pump trip | F31: Should a tripped inlet pump restart by itself? | G31: FD rev B §3.2.1, Tabell 6 (LOCKDOWN), 'Motor-Forrigling' | I31: Internal | J31: Project | K31: Low | L31: Decided | M31: 2026-10-21 | N31: Given by FD rev B: a fault gives LOCKDOWN; the operator sends Reset after fixing it; the pump then restarts while group start (Pen Start) is active. PLC complies (start request stays latched; seen in sim 2026-10-21). | O31: 2026-10-21
A32: IN-28 | B32: Inlet | C32: Both | D32: Decision | E32: Emergency stop as interlock with auto-restart | F32: FD motor table lists emergency stop as the interlock for PM01-03, PU01-03 and XV01-M01, and 'Motor-Forrigling' says a motor stopped by an interlock in auto restarts automatically when the interlock clears (group start still active). Read literally, pumps restart when the E-stop is released — normally an E-stop reset requires a deliberate restart. Framo E-stops are in series across all lines. | G32: FD rev B 'Motor-Forrigling', Tabell T3; Aksjonsliste #16 | H32: E-stop release requires operator restart (recommended) / auto-restart as FD | I32: Internal / Framo | J32: Project | K32: High | L32: Open | M32: 2026-10-21
A33: IN-29 | B33: Inlet | C33: Software | D33: PLC gap | E33: Reset to Framo held until state change | F33: HMI Reset was passed straight through as a level and never cleared by the PLC; a 1 s HMI pulse could be lost in the OPC UA data source. | G33: FB.Inlet.InletControl; InletConfigDUT.ResetExpectedTime; InletPumpAlarmDUT.FailedToReset | I33: Internal | J33: Sigurd | K33: Medium | L33: Fixed | M33: 2026-10-21 | N33: Fixed in CODESYS 2026-10-21 (FB.Inlet.InletControl): Command.Reset accepted in HOLD/LOCKDOWN, latched as ResetRequest and cleared when the state change is seen; no change within 2 x InletConfig.ResetExpectedTime (default 5 s) -> Reset withdrawn and warning Alarm.FailedToReset (AutoAcknowledge). Command.Reset is exported read/write over OPC UA (checked on 10.1.2.41). Pre-compile clean; full compile and sim test pending. | O33: 2026-10-21
A34: IN-30 | B34: Inlet | C34: Software | D34: PLC gap | E34: Reset button on the HMI | F34: No way for the operator to give Reset to the Framo controller (FD 3.2.1: Reset from the HMI). | G34: heimdall-cas-hmi PR #5 (task/inlet-pump-reset-button); CAS FD Inlet OI24 | I34: Internal | J34: Sigurd | K34: Medium | L34: In progress | M34: 2026-10-21 | N34: Test HMI: Reset button per inlet pump, enabled in HOLD/LOCKDOWN, with confirmation (PR #5, open). Production HMI needs the same.
A35: OX-01 | B35: Oxygen | C35: Physical | D35: Decision | E35: Oxygen supplier | F35: Supplier for oxygen chosen. | G35: Project meeting 2026-10-21 | I35: Internal | J35: Project | K35: High | L35: Decided | M35: 2026-10-21 | N35: Normex | O35: 2026-10-21
A36: OX-02 | B36: Oxygen | C36: Physical | D36: Missing info | E36: Oxygen supply and safety interface (Normex) | F36: Supply type (LOX / generator / valve panel), normal and minimum supply pressure, low-supply-pressure signal, PLC-controlled master shut-off valve, non-return protection (HAZID: water back into oxygenator and O2 tank). Supply pressure is display-only in the PLC. | G36: HAZID oksygen; PenControl O2InjectionPressureSensor | I36: Normex | J36: Sigurd | K36: High | L36: Open | M36: 2026-10-21
A37: OX-03 | B37: Oxygen | C37: Both | D37: Inconsistency | E37: O2 control valve type | F37: FD: PWM solenoid valve 'via 4-20 mA'. PLC: proportional valve 4-20 mA, 4 mA = closed, 2 s ramp. Linde photos show 'pwm_ventil'; Normex sketch (15.10.26) shows a motorised valve. Signal, stroke time, fail position, position feedback unknown. | G37: FD §3.2.4; FB.OxySystem.OxyControl | I37: Normex | J37: Sigurd | K37: High | L37: Open | M37: 2026-10-21
A38: OX-04 | B38: Oxygen | C38: Both | D38: Missing info | E38: O2 flow meter | F38: Unit (kg/h or Nl/min), range and signal type. PLC and FIC work in kg/h; FD FIC in l/min. | G38: FD Tabell 14; ConfigValues | I38: Normex | J38: Sigurd | K38: Medium | L38: Open | M38: 2026-10-21
A39: OX-05 | B39: Oxygen | C39: Physical | D39: Missing info | E39: Injector model and gas ratio | F39: FlowMax 104.2 kg/h = Chucaotech at 15 % v/v; same model 34.7 kg/h at 5 %. Confirm model, allowed ratio, valve and flow meter range. | G39: Oppsett innløsere CT.xlsx; ConfigValues OxySystemConfig | I39: Normex / Chucaotech | J39: Sigurd | K39: Medium | L39: Open | M39: 2026-10-21
A40: OX-06 | B40: Oxygen | C40: Software | D40: PLC gap | E40: High-high O2 / supersaturation shut-off | F40: FD (HOLD) asks oxygenation to close on high-high O2 near the inlet. No HH or TDGP shut-off in OxyControl/InletSupervisor. | G40: FD §3.2.4 | H40: Decide limits, sensors, latching | I40: Internal | J40: Sigurd | K40: High | L40: Open | M40: 2026-10-21
A41: OX-07 | B41: Oxygen | C41: Software | D41: Decision | E41: O2 setpoint and unit | F41: 8.0 mg/L is a placeholder. FD asks '% or g/l?'. Sizing sheet uses % saturation (≥80 %, 90 % at 16 °C). | G41: FD §3.2.4; Beregningsark dimensjonering 17mars26.xlsx | H41: mg/L vs % saturation (with temperature/salinity) | I41: Customer / biologist | J41: Project | K41: High | L41: Open | M41: 2026-10-21
A42: OX-08 | B42: Oxygen | C42: Software | D42: Decision | E42: Loss of pen O2 measurement | F42: OIC01 holds its output indefinitely. FD sentence unfinished ('skal regulatoren…'). | G42: FD §3.2.4; FB.Inlet.InletSupervisor | H42: Hold / fixed fallback flow / hold for limited time then alarm | I42: Internal | J42: Project | K42: High | L42: Open | M42: 2026-10-21
A43: OX-09 | B43: Oxygen | C43: Software | D43: Decision | E43: Loss of line flow measurement | F43: Line leaves auto and holds its last valve position open-loop. | G43: FB.OxySystem.OxyControl | H43: Hold vs close valve | I43: Internal | J43: Project | K43: Medium | L43: Open | M43: 2026-10-21
A44: OX-10 | B44: Oxygen | C44: Both | D44: Missing info | E44: Pressure transmitters absolute or gauge | F44: PressureSetpoint 4.0 bar assumes absolute; ValveOpenPressure 3.0 must change together with it. Range assumed 0-10 bar. Chucaotech required inlet pressure needed. | G44: OxySystemConfigDUT; ConfigValues | I44: Normex / Chucaotech | J44: Sigurd | K44: Medium | L44: Open | M44: 2026-10-21
A45: OX-11 | B45: Oxygen | C45: Both | D45: Missing info | E45: ATV650 settings | F45: Unit id, comm-loss behaviour (FD expects hold at preset speed), 20-50 Hz and preset 40 Hz vs NX 3153 pump curve. Fault codes in PLC came from ATV320 list (NVE41316) — re-check for ATV650. | G45: ATV600-Communication-parameters-EAV64332; FB.OxySystem.OxyPumpATV650 | I45: Internal | J45: Sigurd | K45: Medium | L45: Open | M45: 2026-10-21
A46: OX-12 | B46: Oxygen | C46: Physical | D46: Missing info | E46: Ethernet to oxy pump drive cabinet | F46: Ethernet not drawn in 15169-874.004-DriveCabinet. DIN RJ45 socket (Bjørn) vs build into cabinets (JP). | G46: Mail 2026-10-16 'Drive cobinet for sideløpspumpen' | I46: Internal | J46: Project | K46: Low | L46: Open | M46: 2026-10-21
A47: OX-13 | B47: Oxygen | C47: Software | D47: PLC gap | E47: OIC01 and O2 sensor alarms | F47: FD Tabell 15: OIC01 deviation from setpoint and deviation between O2 sensors — not implemented. | G47: FD Tabell 15 | I47: Internal | J47: Sigurd | K47: Low | L47: Open | M47: 2026-10-21
A48: OX-14 | B48: Oxygen | C48: Software | D48: Inconsistency | E48: Controller units vs FD | F48: FD: OIC01 0-100 %, three parameter sets; FIC in l/min. PLC: OIC01 total kg/h shared over lines, one set (Kp 50, Ti 1800). Deliberate — add to FD deviation list. | G48: FD Tabell 13/14; FB.Inlet.InletSupervisor | I48: Internal | J48: Sigurd | K48: Low | L48: Open | M48: 2026-10-21
A49: OX-15 | B49: Oxygen | C49: Physical | D49: Missing info | E49: Orbit 864 Modbus noise / hub | F49: Mechatronic recommends a hub on the Orbit 864 RTU line. Hub ordered for Bergen lab? | G49: Mail 2026-09-21/30 'Bestilling av komponent til Lab i Bergen' | I49: Internal | J49: Bjørn | K49: Low | L49: Open | M49: 2026-10-21
A50: OX-16 | B50: Oxygen | C50: Software | D50: Code bug | E50: Drive IP in ConfigValues | F50: InletRIOConfig DriveIP still 10.1.2.101; CAS simulator pod is at 10.1.2.150. | G50: PFC200_Sim ConfigValues | I50: Internal | J50: Sigurd | K50: Low | L50: Fixed | M50: 2026-10-21 | N50: ConfigValues 2026-10-22: CommonRIO, InletRIO 1-3 and the drives point at the CAS plant 10.1.2.150 (simulator-manager, southshore-bergen); also written into the running PLC's retain. | O50: 2026-10-22
A51: OX-17 | B51: Oxygen | C51: Physical | D51: Missing hardware | E51: Low O2 supply pressure switch / master shut-off valve | F51: No PLC input for low supply pressure and no PLC-controlled master shut-off valve on P&ID or in PLC (HAZID backflow risk). | G51: HAZID oksygen; P&ID rev A | I51: Normex | J51: Sigurd | K51: High | L51: Decided | M51: 2026-10-21 | N51: 2026-10-22 (Sigurd): no on/off solenoid or master shut-off valves upstream of the O2 control valves (budget decision). The control valve is the only shut-off: the PLC holds it at 4 mA (closed) without the valve permit (oxy pump running, PT after the pump good and above ValveOpenPressure, default 3.0 bar), before RunDelay, without the inlet permit and on emergency stop. A low-supply-pressure input is still not available. Consequences: O2 HH shut-off (OX-06) can only close the control valves; backflow protection (HAZID) relies on the non-return valves. | O51: 2026-10-22
A52: OX-18 | B52: Oxygen | C52: Software | D52: Code bug | E52: ATV650 fault codes from ATV320 list | F52: OxyPumpATV650 decodes LFT with ATV320 (NVE41316) codes (e.g. 16 OHF, 17 OLF, 22 USF). Verify against ATV600 list EAV64332. | G52: FB.OxySystem.OxyPumpATV650 | I52: Internal | J52: Sigurd | K52: Medium | L52: Closed | M52: 2026-10-21 | N52: Checked 2026-10-21 (CAS FD Oxygen): register addresses and fault codes match ATV600 EAV64332. Verify on the real drive at commissioning; program design/design basis still say ATV320. | O52: 2026-10-21
A53: OX-19 | B53: Oxygen | C53: Physical | D53: Inconsistency | E53: Side-stream pump head vs 4 bar setpoint | F53: Flygt NX 3153 datasheet: 10.2 m head at duty point, 18.3 m at shut-off (≈1-1.8 bar) — cannot give 4.0 bar after the pump. Simulator assumes 4.5 bar rise. | G53: CAS FD Oxygen OI18; NX 3153 datasheet; design_basis.toml | H53: Confirm pump, injector inlet pressure and setpoint | I53: Normex / Chucaotech | J53: Sigurd | K53: High | L53: Open | M53: 2026-10-21
A54: OX-20 | B54: Oxygen | C54: Software | D54: Code bug | E54: Bad flow measurement causes over-dosing | F54: When a line's flow measurement is bad its flow counts as 0 in the sharing while its valve stays where it was — other lines add the same flow again. | G54: CAS FD Oxygen OI15; FB.Inlet.InletSupervisor | H54: Use last good flow or close the valve | I54: Internal | J54: Sigurd | K54: High | L54: Open | M54: 2026-10-21
A55: OX-21 | B55: Oxygen | C55: Both | D55: Missing hardware | E55: Emergency stop to oxygen system | F55: No E-stop input wired to the Heimdall PLC; oxygen stop on E-stop not possible. | G55: CAS FD Oxygen OI22; CAS FD Inlet OI13 | I55: Internal | J55: Project | K55: High | L55: Open | M55: 2026-10-21
A56: OX-22 | B56: Oxygen | C56: Both | D56: Missing info | E56: ATV650 comm-loss behaviour | F56: Factory default on lost PLC link is freewheel stop; FD wants hold at preset speed (fallback speed / speed maintain). | G56: CAS FD Oxygen OI19 | H56: Set ETHL fallback speed | I56: Internal | J56: Sigurd | K56: Medium | L56: Open | M56: 2026-10-21
A57: OX-23 | B57: Oxygen | C57: Software | D57: PLC gap | E57: Low pressure-drop alarm over injector | F57: OxynatorOutletPressure is read but unused; no low dP alarm. | G57: CAS FD Oxygen OI10 | I57: Internal | J57: Sigurd | K57: Medium | L57: Open | M57: 2026-10-21
A58: OX-24 | B58: Oxygen | C58: Both | D58: PLC gap | E58: Pump leakage / temperature contacts unused | F58: Side-stream pump leakage/temperature contacts exist on RIO1 only and are not used in the logic. | G58: CAS FD Oxygen OI24 | I58: Internal | J58: Sigurd | K58: Medium | L58: Open | M58: 2026-10-21
A59: OX-25 | B59: Oxygen | C59: Physical | D59: Inconsistency | E59: O2 supply pressure | F59: Normex sketch '2.5 bar ?' vs Linde sheet 10 bar. | G59: CAS FD Oxygen OI1; Normex sketch 15.10.26 | I59: Normex | J59: Sigurd | K59: Medium | L59: Open | M59: 2026-10-21
A60: OX-26 | B60: Oxygen | C60: Physical | D60: Decision | E60: Oxygen capacity with one inlet pump out | F60: Two lines must carry the full oxygen demand (~560-730 t biomass) when one inlet pump is out. | G60: CAS FD Oxygen OI26; sizing sheet | I60: Internal | J60: Project | K60: Medium | L60: Open | M60: 2026-10-21
A61: OX-27 | B61: Oxygen | C61: Software | D61: Code bug | E61: PT40 variable name | F61: Supply pressure transmitter has the wrong variable name in the PLC vs P&ID PT40. | G61: CAS FD Oxygen OI4 | I61: Internal | J61: Sigurd | K61: Low | L61: Open | M61: 2026-10-21
A62: OUT-01 | B62: Outlet | C62: Both | D62: Decision | E62: Outlet on power loss | F62: Should the outlet close automatically on power loss (FD rev B) — accumulator, backup power for the pump, or manual? | G62: FD §3.2.3; Servi Q&A; mail 'Automatisk stenging' 28.09 | H62: Accumulator / backup power / manual hand pump | I62: Internal | J62: Project | K62: High | L62: Decided | M62: 2026-10-21 | N62: No automatic close. Dampers hold position; operator overrides with the HPU hand pump. Accumulator deferred — space for retrofit. | O62: 2026-10-21
A63: OUT-02 | B63: Outlet | C63: Both | D63: Missing hardware | E63: Pressure transmitters per cylinder (8 → 4) | F63: Servi drawing A1 (2939238) has one PT per cylinder (1PT1-1PT4, 0-250 bar, A/plus line). FD PT61-68 and PLC (PressureOpen + PressureClose, 8 AIs) expect two. End position confirmable in one direction only. | G63: Servi A1; FD §3.2.3; CylinderInputDUT; mail Bjørn 2026-10-19 | H63: Buy 2nd PT (Minimess point, Servi offer) / detect end-of-stroke by pulses stopping | I63: Servi | J63: Bjørn | K63: High | L63: Open | M63: 2026-10-21
A64: OUT-03 | B64: Outlet | C64: Physical | D64: Missing info | E64: Plus stroke direction | F64: Does plus stroke (A, extend) open or close the damper? Decides which end has the PT and the counter direction. | G64: Servi A1 | I64: Østerbø / Servi | J64: Bjørn | K64: High | L64: Open | M64: 2026-10-21
A65: OUT-04 | B65: Outlet | C65: Both | D65: PLC gap | E65: Junction box signals not mapped | F65: JB 18068: pump on backup/normal power (K1/K2), filter clogged, E-stop loop, local Start/Stop panel ST-16183, motor running feedback, power-lost relay (action 82). PLC maps only StarterFault, HydraulicOilTankFault, EStop + Start/Reset. | G65: Servi JB 18068 A2/A3; FB.RIO.CommonRIO | I65: Servi | J65: Bjørn | K65: High | L65: Open | M65: 2026-10-21
A66: OUT-05 | B66: Outlet | C66: Both | D66: PLC gap | E66: Power-lost alarm to operator | F66: With manual override decided, operator must be alarmed on power loss. Needs the Servi power-lost / backup-power relay as a PLC input. | G66: Decision 2026-10-21; action item 82 | I66: Servi | J66: Bjørn | K66: High | L66: Open | M66: 2026-10-21
A67: OUT-06 | B67: Outlet | C67: Both | D67: Decision | E67: Hydraulic pump control authority | F67: Pump is DOL (start/reset DO, StarterFault DI, no running feedback). Local start/stop panel offered by Servi but not ordered. Local vs PLC authority; hard-wired low-oil stop? | G67: Servi mail 2026-10-01; OutletControl.HydraulicPumpControl | I67: Internal / Servi | J67: Bjørn | K67: Medium | L67: Open | M67: 2026-10-21
A68: OUT-07 | B68: Outlet | C68: Software | D68: Code bug | E68: Pump not stopped on oil tank fault | F68: PLC only alarms on HydraulicOilTankFault (low level / 70 °C); pump start not gated. | G68: OutletControl.HydraulicPumpControl | I68: Internal | J68: Bjørn | K68: Medium | L68: Open | M68: 2026-10-21
A69: OUT-08 | B69: Outlet | C69: Software | D69: PLC gap | E69: Outlet E-stop and other alarms | F69: No E-stop alarm (ES61 in alarm list); no filter, pump overload or power-loss alarms. | G69: FD-02 alarm list; OutletControl.AlarmHandling | I69: Internal | J69: Bjørn | K69: Medium | L69: Open | M69: 2026-10-21
A70: OUT-09 | B70: Outlet | C70: Physical | D70: Inconsistency | E70: Flow meter signal type | F70: JB overview sheet labels FT1-4 '24VDC 4-20MA'; sheet A2 says pulse. PLC assumes pulse (750-638). | G70: Servi JB 18068 | H70: Servi to correct overview sheet | I70: Servi | J70: Bjørn | K70: Medium | L70: Open | M70: 2026-10-21
A71: OUT-10 | B71: Outlet | C71: Software | D71: Code bug | E71: Mode openings look reversed | F71: OutletConfig.ModePosition default [20,30,40,50] % gives O-35 (34 000 m3/h) the smallest opening and S-75 the largest. FD column 'Spjeld-åpning %' empty. | G71: ConfigValues OutletConfig; FD Tabell 10 | I71: Internal | J71: Bjørn | K71: Medium | L71: Open | M71: 2026-10-21
A72: OUT-11 | B72: Outlet | C72: Software | D72: Missing info | E72: Stroke time and travel limits | F72: MaxTravelTimeOpen/Close 30 s = assumed stroke time (no margin). Estimate: one cylinder 5-7 s, four sharing the pump 20-26 s. FD 'ca nn s'. | G72: OutletConfig; design_basis.toml; Servi A1 | H72: Fill in at FAT | I72: Servi | J72: Bjørn | K72: Medium | L72: Open | M72: 2026-10-21
A73: OUT-12 | B73: Outlet | C73: Physical | D73: Missing info | E73: PSL valves driven on/off | F73: HAWE PSL are proportional; PLC drives them on/off via relays (750-1515). Confirm with Servi (min ~250 mA note, optional speed card) and relay rating. | G73: Servi A1; CommonRIO output mapping | I73: Servi | J73: Bjørn | K73: Medium | L73: Open | M73: 2026-10-21
A74: OUT-13 | B74: Outlet | C74: Software | D74: Missing info | E74: Outputs on remote I/O comm loss | F74: FD table empty; 750-1515 watchdog behaviour not set. | G74: FD §3.2.3 | I74: Internal | J74: Bjørn | K74: Medium | L74: Open | M74: 2026-10-21
A75: OUT-14 | B75: Outlet | C75: Physical | D75: Missing info | E75: Shut-off valve XV65 | F75: In FD and PLS action list 6.3 ('Stopp-ventil') but not on Servi A1 or in the PLC. Deferred with the accumulator? | G75: FD §3.2.3; PLS aksjonsliste 6.3 | I75: Internal | J75: Project | K75: Low | L75: Open | M75: 2026-10-21
A76: OUT-15 | B76: Outlet | C76: Physical | D76: Inconsistency | E76: Motor and pressure data | F76: Motor 1.5 kW 400 V (datasheet, A1) vs <1 kW (Q&A); cable W1M1 'Hydraulic motor 24Vdc'. Relief 150/130 bar (A1) vs 160 bar in simulator, 110 bar (T1). Tank 12 l (A1 part list) vs 10 l; cylinder HRC-N-D vs HCR-C-D; motor starter location (action 91). | G76: Servi A1, Q&A, JB 18068; design_basis.toml | I76: Servi | J76: Bjørn | K76: Low | L76: Open | M76: 2026-10-21
A77: OUT-16 | B77: Outlet | C77: Physical | D77: Missing info | E77: Counter frequency | F77: ~300 Hz at 3.5 l/min and ~5200 pulses/l; minus stroke of one cylinder pushes 4.7-5.4 l/min through its A-line meter (~410-470 Hz), near the QG100 top and the 750-638 500 Hz limit. Reverse-flow accuracy unknown. | G77: HySense QG datasheet; 750-638 manual; CAS FD Outlet OI11 | H77: Test at FAT | I77: Internal | J77: Bjørn | K77: Medium | L77: Open | M77: 2026-10-21
A78: OUT-17 | B78: Outlet | C78: Physical | D78: Decision | E78: Integrated FAT at Østerbø | F78: Integrated test of our control cabinet with Servi's hydraulic cabinet, end of October: scope, hose lengths, fail-safe and hand pump test. | G78: Mail Fredrik 2026-10-07 | I78: Østerbø / Servi | J78: Project | K78: High | L78: Open | M78: 2026-10-21
A79: OUT-18 | B79: Outlet | C79: Software | D79: Code bug | E79: Close never confirmed without 2nd pressure transmitter | F79: With MaxPressureClose > 0 on an unwired channel a 0 % setpoint never reaches Closed → travel timeout and fault; with 0 the end-position check is disabled. CalibrateOpen also needs Opened by pressure. | G79: FB.Outlet.OutletControl; CylinderInputDUT | H79: Depends on OUT PT decision | I79: Internal | J79: Bjørn | K79: High | L79: Open | M79: 2026-10-21
A80: OUT-19 | B80: Outlet | C80: Physical | D80: Missing hardware | E80: Hydraulic pump running feedback | F80: Pump is DOL; PLC has no running feedback (Status.Running = start command). Contactor auxiliary contact available in JB 18068? | G80: OutletControl.HydraulicPumpControl; Servi JB 18068 | I80: Servi | J80: Bjørn | K80: Medium | L80: Open | M80: 2026-10-21
A81: OUT-20 | B81: Outlet | C81: Software | D81: Code bug | E81: End-position pressure limit cannot trip | F81: Servi A1 port pressure limiters are 100 bar; PLC end-position limit is also 100 bar with strict '>'. Set ~70-80 bar after FAT; align simulator (160 bar). | G81: CAS FD Outlet OI3; Servi A1; OutletConfig | I81: Internal | J81: Bjørn | K81: High | L81: Open | M81: 2026-10-21
A82: OUT-21 | B82: Outlet | C82: Software | D82: Code bug | E82: Pressure scaling 0-250 bar | F82: Production pressure scaling must be 0-250 bar; DUT default is 0-10. | G82: CAS FD Outlet OI4 | I82: Internal | J82: Bjørn | K82: Medium | L82: Open | M82: 2026-10-21
A83: OUT-22 | B83: Outlet | C83: Software | D83: Code bug | E83: Default span treated as calibrated | F83: Default span 0-2000 counts counts as calibrated; calibration must be a commissioning step. FaultReset unused. | G83: CAS FD Outlet OI15 | I83: Internal | J83: Bjørn | K83: Low | L83: Open | M83: 2026-10-21
A84: OUT-23 | B84: Outlet | C84: Both | D84: Inconsistency | E84: PLC Reset output has no JB counterpart | F84: PLC drives a pump Reset output; JB 18068 has no matching input. DI -R1-017 / DO -R1-020 wiring needed. | G84: CAS FD Outlet OI7; JB 18068 | I84: Servi | J84: Bjørn | K84: Medium | L84: Open | M84: 2026-10-21
A85: OUT-24 | B85: Outlet | C85: Physical | D85: Missing info | E85: Manual override procedure (O&M) | F85: Hand pump and PSL manual levers, plus weekly end-position exercise, to be written into the O&M manual. | G85: CAS FD Outlet OI17; decision 2026-10-21 | I85: Internal | J85: Project | K85: Low | L85: Open | M85: 2026-10-21
A86: OUT-25 | B86: Outlet | C86: Both | D86: Missing info | E86: Position drift limit | F86: Drift limit of 2 pulses (HOLD in FD) to be verified at FAT. | G86: CAS FD Outlet OI18 | I86: Internal | J86: Bjørn | K86: Low | L86: Open | M86: 2026-10-21
A87: OX-28 | B87: Oxygen | C87: Software | D87: Code bug | E87: RIO link loss freezes oxygen line sensors | F87: Same as IN-19 on the oxygen side: PT41-43 / PT44-46 (InletRIO) and FT41-43, PT40 (CommonRIO) keep their last value and good quality when the RIO link is lost, so PIC4n, the valve permit I4 and FIC4n run on frozen values. | G87: IN-19; FB.RIO.InletRIO / CommonRIO InputMapping; FB.OxySystem.OxyControl | H87: Mark the line's sensors BadQuality on RIO comm loss (as IN-19): PIC on preset speed, valve closed, line out of auto | I87: Internal | J87: Sigurd | K87: High | L87: Open | M87: 2026-10-22
A88: OX-29 | B88: Oxygen | C88: Software | D88: Code bug | E88: O2 control valve outputs always 0 (CommonRIO mapping) | F88: CommonRIO.OutputMapping wrote OutputData[20..22] (750-563, valves OV41-43) from OxySystem[i].Output.OxyControlValve.Output.RawPosition, which nothing writes; OxyControl writes OxySystem[i].OxyValve. The valves stayed at 4 mA (closed) whatever FIC asked; found in the live test 2026-10-22 (simulator valve_pct 0 while FIC opened 63 %, flow 0). | G88: FB.RIO.CommonRIO.OutputMapping | H88: Map words 20-22 from OxySystem[i].OxyValve.Output.RawPosition | I88: Internal | J88: Sigurd | K88: High | L88: Fixed | M88: 2026-10-22 | N88: Fixed in CODESYS 2026-10-22 (online change, to be pushed): OutputData[20..22] := OxySystem[i].OxyValve.Output.RawPosition. Unused OxySystemOutputDUT removed. Confirmed 2026-10-26: lines 2 and 3 deliver 103.6 kg/h with the valves at 99 %, pen O2 rising (5.0 mg/L); line 1 after the IN-33 recovery 41 kg/h and rising. | O88: 2026-10-22
A89: IN-31 | B89: Inlet | C89: Software | D89: Observation | E89: Level swing during pump rotation | F89: Live test 2026-10-22: during a rotation handover the over-height moved 5.1-7.1 cm (setpoint 6 cm). The starting pump runs at its own START preset speed (~87 rpm) while the others give way, and the stopping pump's ramp-down follows. | G89: InletSupervisor.PumpCount; CAS FD Inlet sec. 3.4 | H89: Accept; or soften: start the standby only when the share is near the START preset speed, or wait until the stopping pump has left level control | I89: Internal | J89: Sigurd | K89: Low | L89: Open | M89: 2026-10-22
A90: IN-32 | B90: Inlet | C90: Software | D90: Code bug | E90: LIC01 operator auto/manual not bumpless | F90: Seen on the HMI Inlet control page 2026-10-23: putting LIC01 in manual made the pumps jump to 40 rpm. In manual the output is LevelController.Command.ManualOutput x N, and ManualOutput is only written by the operator (0 if never set, limited to MinOutput 40 rpm). PIDController copies Output to ManualOutput on the manual edge, but only into its own input for that one scan. | G90: FB.Inlet.InletSupervisor; FB.Components.PIDController; CAS FD Inlet sec. 3.3 | H90: Auto -> manual: ManualOutput := current output per pump. Manual -> auto: setpoint := PV, PID restart with cleared integral (user, 2026-10-23) | I90: Internal | J90: Sigurd | K90: Medium | L90: Fixed | M90: 2026-10-23 | N90: Fixed in CODESYS 2026-10-23 (FB.Inlet.InletSupervisor), on the operator edge of LevelController.Status.Manual, only while the pen is started with pumps in level control and not on the first scan after a download: auto -> manual sets Command.ManualOutput := LIMIT(MinOutput, Output.OUT / N, MaxOutput), the current output per pump; manual -> auto sets Pen.Command.LevelSetpoint := PenStatus.OverHeight (if LevelControlOK), before the LevelControl call, so PIDController restarts Util.PID with RESET (integral cleared) and Y_OFFSET = the manual output (e = 0). Dead lines removed in FB.Components.PIDController (ManualOutput := Output on the manual edge wrote its own input for one scan). Checked against Util 3.5.22.0 PID documentation; PIDController now limits Y_MANUAL to OutputMin..OutputMax (Util.PID does not limit Y in manual; live test 2026-10-23 on the old build showed OUT = 0 in manual). Live test 2026-10-23 before the download of this change: rig ran the old build (auto -> manual gave OUT 0, pumps to 40 rpm; SP unchanged on manual -> auto). Pre-compile of PFC200_Sim clean; download and test on the rig pending. CAS FD Inlet rev. B1. | Live test 2026-10-23 on the new build (PFC200 10.1.2.41, inletControl, CAS plant 2.4.8 at 10.1.2.150): auto -> manual at 6.08 cm: ManualOutput set to 73.90 rpm (= 221.69 total / 3), pumps 74.01 -> 73.90 rpm, no step, level held 6.0 cm. Manual 80 rpm raised the level to 7.58 cm; manual -> auto: SP 6.00 -> 7.59 cm (= PV), total 240.00 -> 239.93 rpm, held 7.57-7.64 cm. Passed. | O90: 2026-10-23
A91: OX-30 | B91: Oxygen | C91: Software | D91: Code bug | E91: OIC01 auto -> manual not bumpless | F91: Same as IN-32 on the oxygen side: in manual OIC01 outputs OxyController.Command.ManualOutput [kg/h total], written only by the operator. If never set it is 0: switching OIC01 to manual stops the O2 flow to the pen. | G91: FB.Inlet.InletSupervisor (OIC01); IN-32 | H91: On the auto -> manual edge set ManualOutput := current output (and SP := PV on manual -> auto, as LIC01) | I91: Internal | J91: Sigurd | K91: Medium | L91: Fixed | M91: 2026-10-23 | N91: Fixed in CODESYS 2026-10-23 (FB.Inlet.InletSupervisor), as LIC01 (IN-32), on the operator edge of OxyController.Status.Manual, only while the pen is started with lines in auto and not on the first scan after a download: auto -> manual sets Command.ManualOutput := MAX(0, Output.OUT), the current total O2 flow; manual -> auto sets PenConfig.OxySetpoint := PenStatus.PenOxygenLevel (if OxyControlOK), before the OxyControl call, so PIDController restarts with RESET (integral cleared) and Y_OFFSET = the manual output. Pre-compile of PFC200_Sim clean; download and test on the rig pending. CAS FD Oxygen rev. A2. | Live test 2026-10-23 (same rig): auto -> manual while OIC01 ramped: ManualOutput 26.00 kg/h = output at the edge, line flows continued 7.6 -> 8.6 kg/h without a step. Manual -> auto: O2 setpoint 8.00 -> 2.26 mg/L (= pen O2), output continued from 26.00 kg/h. Passed; setpoint set back to 8.0. Seen: after the PLC download the three ATV650 drives were in EtHF (LFT 150, comm interrupt while enabled) and needed a fault reset before oxygenation could start. | O91: 2026-10-23
A92: IN-33 | B92: Inlet | C92: Software | D92: Code bug | E92: LIC01 resume after HOLD drops the returning pump | F92: Live test 2026-10-23 (sim update to 2.4.9 restarted the Framo servers: heartbeat lost, all pumps HOLD). Pumps 1-2 back in REMOTE, then pump 3 reset HOLD -> REMOTE: all three pumps fell to the low 40s rpm and the over-height dropped (6 -> about 3.3 cm) before LIC01 recovered. Cause: the resume cycle sums the speed of the pumps with Status.EnableLevelControl, but InletSupervisor runs before InletControl in Main, so the pump just back in REMOTE is not in level control yet; the resume total is that of the other two (about 2 x 74 rpm), and on the next scan it is shared by three (about 49 rpm each). | G92: FB.Inlet.InletSupervisor (LevelResume, LevelResumeSpeed); PRG.Main call order | H92: Include pumps in auto and REMOTE (they count for level control from the next scan) in the resume sum and its limits | I92: Internal | J92: Sigurd | K92: High | L92: Fixed | M92: 2026-10-23 | N92: Fixed in CODESYS 2026-10-23 (FB.Inlet.InletSupervisor): the resume sum and the sharing loop (LevelPumps, RemotePumps, FixedSpeed, so also LevelN and the output limits) count a pump that is in auto and in REMOTE even before InletControl sets its EnableLevelControl (NOT Status.Manual AND State = Remote). Only differs in the scan a pump comes HOLD -> REMOTE. Pre-compile of PFC200_Sim clean; download and test on the rig pending (reset one pump from HOLD while the others are in REMOTE). CAS FD Inlet rev. B1. | Live test 2026-10-23 of the first fix: heartbeat of pump 3 lost (simulator fault): PLC UNAVAILABLE, PCC HOLD at 88 rpm, LIC01 frozen at 221.95 total (pumps 1-2 at 73.98 rpm), as designed. Link back: the freeze ended at once (state read other than HOLD for a cycle), LIC01 ran on pumps 1-2 (2 x 69 rpm) with pump 3 still in HOLD. Reset of pump 3 then dropped the share 67.9 -> 45.3 rpm (all pumps to about 51 rpm, level 6.4 -> 4.6 cm): first fix incomplete. Second fix (CODESYS 2026-10-23): a pump in auto that joins level control straight in REMOTE (NOT EnableLevelControl, auto, REMOTE, pen started, no freeze) triggers LevelResume, so LIC01 restarts from the summed actual speed including it. Pre-compile clean; load and retest pending. | Replaced 2026-10-23 by the split of InletSupervisor (GEN-04): rules R1/R2 instead of tracking, freeze and resume. A pump in HOLD or with its link lost counts in LIC01's total at its own (last) speed and the pumps in REMOTE keep controlling (user decision: the three PCCs do not know each other's state, DEC9 in CAS FD Inlet); a reset from HOLD only evens out the speeds. Pump states read directly in InletPumpSet, so no one-scan lag. Pre-compile of PFC200_Sim clean; load and live test pending. | O92: 2026-10-23
A93: GEN-04 | B93: General | C93: Software | D93: Decision | E93: InletSupervisor split into function blocks | F93: InletSupervisor had grown to about 700 lines with five jobs and many state flags. Split after Cooling, Software Engineering for Real-Time Systems (2020) sec. 4.2 and 7.3.7 (one function per module, data coupling by value, explicit states, fixed execution order). | G93: FB.Inlet.InletSupervisor, InletPumpSet, PenLevelControl, PumpCount, PenOxygenControl, PenSequence; FB.Components.ControllerMode; ENUM.LevelControlMode; CAS FD Inlet B1, CAS FD Oxygen A2, CAS program design | H93: Split the FB; keep the interface | I93: Internal | J93: Sigurd | K93: Medium | L93: Fixed | M93: 2026-10-23 | N93: Done in CODESYS 2026-10-23: InletSupervisor (about 80 lines) calls InletPumpSet (pumps counted / controlled), PenLevelControl (LIC01, mode enum Idle/Manual/SafeOutput/Tracking/Auto), PumpCount (unchanged logic), PenOxygenControl (OIC01, unchanged), PenSequence (pen statechart, called last: one-cycle delay for the others) in a fixed order; ControllerMode (one instance per loop) does the bumpless operator transfers. Same interface: Main, GVLMain and the HMI unchanged. Manual output of LIC01 is now per pump in REMOTE. IN-nn and FD references removed from code comments. Pre-compile of PFC200_Sim clean; load and live tests pending (start from drained, operator auto/manual, one pump HOLD and back, all links lost, trip, rotation, OIC01). | O93: 2026-10-23
A94: IN-34 | B94: Inlet | C94: Both | D94: Inconsistency | E94: Framo SCD 7664-017-1 vs the PLC interface | F94: First official Framo document (SCD 7664-017-1, IEC PAS 63131, drawn 24.07.2026, checked 05.08.2026, rev -). Differs from what the PLC implements (Framo spec rev B): 1) no pump state machine, only status bits (drive ready / running / in remote / tripped / start inhibit, starting sequence active, ready to remote); 2) heartbeat loss stops the pump (no HOLD); 3) a separate REMOTE CONTROL command (UY-012) from CAS is needed before CAS sets the speed, else 40 rpm; 4) a new INHIBIT START (M01-Q03) from CAS; 5) start at 40 rpm for 30 s (PLC and simulator assume about 87 rpm and a short START); 6) alarm set differs (earth leakage, short circuit, STO, stall, power unit loss, overspeed, phase loss, comm fault; no E-stop, motor temperature, UPS, emergency run, low/high power, pump stopped); 7) no OPC UA node list (TBA). | G94: Framo 7664-017-1 SCD; 7664-021-1 P&ID; PRG.FramoDataProcessing; FB.Inlet.InletControl; CAS FD Inlet sec. 3.5 | H94: Ask Framo for the OPC UA signal list and the state model; decide HOLD vs stop on heartbeat loss; add REMOTE CONTROL and INHIBIT START to the PLC | I94: Framo | J94: Sigurd | K94: High | L94: Open | M94: 2026-10-23 | N94: Framo P&ID 7664-021-1 (08.09.26, received 2026-10-23): P&ID: no instruments on the pumps (only VSD per pump over Ethernet); no E-stop shown. The P&ID draws a client datalink from PDIC-01 straight to the three VSDs, while the SCD sends the speed setpoint through the Framo UCP (M01-U56): to clear with Framo. Client-scope parts of the P&ID (oxygen, outlet, level measurement) are out of date and not used. | Details split out 2026-10-23: IN-35 (Remote control / speed setpoint mode), IN-36 (start/stop pulse or level, restart after heartbeat loss), IN-37 (speed setpoint path P&ID vs SCD), IN-38 (tags and evacuation signals).
A95: IN-35 | B95: Inlet | C95: Both | D95: Inconsistency | E95: SCD: speed setpoint mode (Remote control, LA / LM) | F95: SCD 7664-017-1 sheet 3: SPEED SETPOINT TO DRIVE (M01-U56, CAS/HA) has X = 40 rpm start setpoint, LA = REMOTE CONTROL (UY-012, CAS/HB command from CAS) and LM = NOT READY TO REMOTE CNTRL (UI-013, TRUE until 30 s after drive running). In the HA template Auto = follow X, Manual = operator (CAS) value; read that way, Remote control gives 40 rpm and "not ready" gives the CAS setpoint, the opposite of the intent (rev B spec: fixed speed during start, CAS speed in remote). The PLC does not send a Remote control command today. | G95: Framo 7664-017-1 sheet 3; PRG.FramoDataProcessing | H95: Framo to confirm: is UY-012 a command from CAS or set by their logic; which mode gives 40 rpm and which the CAS setpoint (LA / LM swapped?); level or pulse; what happens if Remote control drops while running | I95: Framo | J95: Sigurd | K95: High | L95: Open | M95: 2026-10-23
A96: IN-36 | B96: Inlet | C96: Both | D96: Missing info | E96: SCD: start / stop pulse or level, restart after heartbeat loss | F96: SCD sheet 2: HMI START sets a memory (SR, reset dominant), HMI STOP or heartbeat fault resets it; pump block M01 (SBE) has XH = start, XL = stop and latches. So a pulse is enough. The PLC writes Framo_n.Start.Active / Stop.Active as levels (Start held while the PLC wants the pump started and it is AVAILABLE). Consequence: after a heartbeat loss Framo stops the pump; when the link is back the PLC sees AVAILABLE with its start request still active and sends Start again, so the pump restarts by itself. | G96: Framo 7664-017-1 sheets 2-3; FB.Inlet.InletControl; PRG.FramoDataProcessing; IN-28 | H96: Framo to confirm edge or level on XH / XL and what they expect from CAS; decide whether a pump stopped by heartbeat loss may restart automatically when the link is back | I96: Framo / Internal | J96: Sigurd | K96: High | L96: Open | M96: 2026-10-23
A97: IN-37 | B97: Inlet | C97: Both | D97: Inconsistency | E97: Speed setpoint path: P&ID vs SCD | F97: P&ID 7664-021-1 draws a client datalink (Ethernet) from PDIC-01 straight to the three VSDs; SCD 7664-017-1 sends the speed setpoint through the Framo UCP (M01-U56) with Remote control and start setpoint logic. The PLC writes Framo_n.SpeedSetpoint over OPC UA to the Framo controller. | G97: Framo 7664-021-1; Framo 7664-017-1 sheet 3; PRG.FramoDataProcessing | H97: Framo to confirm the speed setpoint goes CAS -> Framo UCP -> VSD (as the SCD), and correct the P&ID | I97: Framo | J97: Sigurd | K97: Medium | L97: Open | M97: 2026-10-23
A98: IN-38 | B98: Inlet | C98: Physical | D98: Inconsistency | E98: Framo P&ID / SCD tags and evacuation signals | F98: P&ID 7664-021-1: release valve of unit A tagged UY-004B (unit B and C: UY-004B, UY-004C; SCD: UY-004A). Valve position switches ZSO / ZSC on the P&ID, ZSL / ZSH on the SCD. No compressed-air pressure transmitter on the P&ID or SCD, but the PLC reads Framo_n.PressureCompressedAir. Two limit switches per valve on the P&ID, one status bit per valve in the PLC (StatusV001 / V002). All evacuation signals go to the Framo UCP only. No E-stop on either document. | G98: Framo 7664-021-1; Framo 7664-017-1 sheet 2; PRG.FramoDataProcessing; IN-12, IN-16 | H98: Framo to correct the tag of unit A and give the OPC UA signals for the evacuation (valve positions, level switches, any air pressure); adapt the PLC to the final list | I98: Framo | J98: Sigurd | K98: Low | L98: Open | M98: 2026-10-23
A99: IN-32 | B99: Inlet | C99: Physical | D99: Inconsistency | E99: Level transmitter span too small for Hs 2.0 m | F99: The 750-455 level signals span 0-2 m. The transmitters hang on the floater, so each reading moves with the wave minus the heave: at Hs 2.0 m / Tp 4.5 s (design basis wave model) sigma 53.5 cm inside (LT0x) and 40.5 cm outside (LT2x), about +-2.1 m / +-1.6 m in a 3 h storm (4 sigma). Clipped crests bias the mean: sim 2026-10-26 at Hs 2.0 m the PLC read over-height -3 cm while the true value was +20-23 cm, LIC01 ran the pumps to max and the pen overfilled. | G99: design_basis.toml [waves], [instruments.level_span]; casdesign.waves WaveField.hs(); IN-24 | H99: Span 0-5 m inside (normal level ~2.5 m), 0-4 m outside (normal ~2.0 m); minimum 4.3 / 3.3 m (4 sigma). 750-455 resolution 2.4 / 2.0 mm per step (quantization dithered by the waves, filtered PV much finer); or a 16-bit AI module; or a stilling well. PLC: treat readings at the span limits as suspect (drop the pair). Heave / slosh parameters are assumptions: measure on the prototype. | I99: Project | J99: Sigurd | K99: High | L99: Open | M99: 2026-10-26
A100: IN-33 | B100: Inlet | C100: Software | D100: Code bug | E100: RIO / drive link frozen while CommOK stays TRUE | F100: Sim 2026-10-26: InletRIO 1 and its oxy pump drive stopped updating (raw level and PT words constant for minutes while the simulator's words moved with the waves) but SCL.sModbusMasterTCP.comOk stayed TRUE, so InletRIO.Status.CommOK and OxyPump.Status.CommunicationOK were TRUE and InputMapping kept the last values. Effects: level pair 1 frozen at -38 cm (wrong LIC01 PV, IN-19 fix not triggered), oxy pump 1 shown running at 40.9 Hz / 4 bar while the drive had tripped on EtHF (comm interrupt), no O2 on line 1, no alarm. Probably since the simulator pod restart. Recovered by toggling InletRIOConfig[0].Enabled / DriveEnabled, then OxyPump Reset. | G100: FB.RIO.InletRIO (Status.CommOK := RioMaster.comOk); SCL.sModbusMasterTCP; OX-28, IN-19 | H100: Data-freshness watchdog per master: the library's request/response counter or last-response time if it has one, else a value that must change (e.g. 750-362 / ATV status or a counter) -> CommOK FALSE + alarm after a timeout, and restart the master (enable FALSE/TRUE). Check the same for CommonRIO. Ask ScaleAQ library owner how comOk is defined. | I100: Internal | J100: Sigurd | K100: High | L100: Open | M100: 2026-10-26

Sheet Summary
A1: Open items by system and priority (counts update from the register)
A3: System | B3: High | C3: Medium | D3: Low | E3: Open total | F3: Decided | G3: Fixed | H3: All items
A4: General | B4: =COUNTIFS('Outstanding items'!$B:$B,$A4,'Outstanding items'!$K:$K,"High",'Outstanding items'!$L:$L,"Open") | C4: =COUNTIFS('Outstanding items'!$B:$B,$A4,'Outstanding items'!$K:$K,"Medium",'Outstanding items'!$L:$L,"Open") | D4: =COUNTIFS('Outstanding items'!$B:$B,$A4,'Outstanding items'!$K:$K,"Low",'Outstanding items'!$L:$L,"Open") | E4: =COUNTIFS('Outstanding items'!$B:$B,$A4,'Outstanding items'!$L:$L,"Open") | F4: =COUNTIFS('Outstanding items'!$B:$B,$A4,'Outstanding items'!$L:$L,"Decided") | G4: =COUNTIFS('Outstanding items'!$B:$B,$A4,'Outstanding items'!$L:$L,"Fixed") | H4: =COUNTIFS('Outstanding items'!$B:$B,$A4)
A5: Inlet | B5: =COUNTIFS('Outstanding items'!$B:$B,$A5,'Outstanding items'!$K:$K,"High",'Outstanding items'!$L:$L,"Open") | C5: =COUNTIFS('Outstanding items'!$B:$B,$A5,'Outstanding items'!$K:$K,"Medium",'Outstanding items'!$L:$L,"Open") | D5: =COUNTIFS('Outstanding items'!$B:$B,$A5,'Outstanding items'!$K:$K,"Low",'Outstanding items'!$L:$L,"Open") | E5: =COUNTIFS('Outstanding items'!$B:$B,$A5,'Outstanding items'!$L:$L,"Open") | F5: =COUNTIFS('Outstanding items'!$B:$B,$A5,'Outstanding items'!$L:$L,"Decided") | G5: =COUNTIFS('Outstanding items'!$B:$B,$A5,'Outstanding items'!$L:$L,"Fixed") | H5: =COUNTIFS('Outstanding items'!$B:$B,$A5)
A6: Oxygen | B6: =COUNTIFS('Outstanding items'!$B:$B,$A6,'Outstanding items'!$K:$K,"High",'Outstanding items'!$L:$L,"Open") | C6: =COUNTIFS('Outstanding items'!$B:$B,$A6,'Outstanding items'!$K:$K,"Medium",'Outstanding items'!$L:$L,"Open") | D6: =COUNTIFS('Outstanding items'!$B:$B,$A6,'Outstanding items'!$K:$K,"Low",'Outstanding items'!$L:$L,"Open") | E6: =COUNTIFS('Outstanding items'!$B:$B,$A6,'Outstanding items'!$L:$L,"Open") | F6: =COUNTIFS('Outstanding items'!$B:$B,$A6,'Outstanding items'!$L:$L,"Decided") | G6: =COUNTIFS('Outstanding items'!$B:$B,$A6,'Outstanding items'!$L:$L,"Fixed") | H6: =COUNTIFS('Outstanding items'!$B:$B,$A6)
A7: Outlet | B7: =COUNTIFS('Outstanding items'!$B:$B,$A7,'Outstanding items'!$K:$K,"High",'Outstanding items'!$L:$L,"Open") | C7: =COUNTIFS('Outstanding items'!$B:$B,$A7,'Outstanding items'!$K:$K,"Medium",'Outstanding items'!$L:$L,"Open") | D7: =COUNTIFS('Outstanding items'!$B:$B,$A7,'Outstanding items'!$K:$K,"Low",'Outstanding items'!$L:$L,"Open") | E7: =COUNTIFS('Outstanding items'!$B:$B,$A7,'Outstanding items'!$L:$L,"Open") | F7: =COUNTIFS('Outstanding items'!$B:$B,$A7,'Outstanding items'!$L:$L,"Decided") | G7: =COUNTIFS('Outstanding items'!$B:$B,$A7,'Outstanding items'!$L:$L,"Fixed") | H7: =COUNTIFS('Outstanding items'!$B:$B,$A7)
A8: Total | B8: =SUM(B4:B7) | C8: =SUM(C4:C7) | D8: =SUM(D4:D7) | E8: =SUM(E4:E7) | F8: =SUM(F4:F7) | G8: =SUM(G4:G7) | H8: =SUM(H4:H7)

Sheet Legend
A1: How to use
A2: Add a row | B2: One row per item. ID = system prefix (GEN/IN/OX/OUT) + next number. Never reuse an ID.
A3: Domain | B3: Physical = equipment, wiring, instruments, supplier hardware; Software = PLC/HMI/simulator code and configuration; Both = needs a physical and a software change.
A4: Category | B4: Decision = someone must choose; Inconsistency = documents/PLC disagree; Missing info = data needed from a supplier or the project; Missing hardware = sensor/actuator/signal not on drawings or not ordered; Code bug = PLC/HMI does something wrong; PLC gap = FD/alarm list requires something the PLC does not do yet.
A5: Ask / owner of answer | B5: Who must answer: Framo, Servi, Østerbø, Normex, Chucaotech, Customer, Internal, Project.
A6: Responsible | B6: Who follows up internally.
A7: Status | B7: Open → In progress → Decided (fill Decision/answer and Decided date) → Fixed (changed in CODESYS / code: whole row green, Decision/answer says what was done and how it was tested) → Closed (verified, docs updated).
A8: Priority | B8: High = blocks FAT, safety or supplier delivery; Medium = needed before commissioning; Low = clean-up.
A9: Sources | B9: Initial content: document/PLC review 2026-10-21 (FD-01 rev B, FD-02 alarm list rev A, Framo spec rev B, Servi drawings A1 and JB 18068, P&ID rev A, PLC heimdall-plc main) and project meeting 2026-10-21.
